302	Poliomyelitis and Post-Polio
303	Hubble Telescope Achievements
304	Endangered Species (Mammals)
308	Implant Dentistry
309	Rap and Crime
310	Radio Waves and Brain Cancer
311	Industrial Espionage
312	Hydroponics
313	Magnetic Levitation-Maglev
314	Marine Vegetation
315	Unexplained Highway Accidents
316	Polygamy Polyandry Polygyny
317	Unsolicited Faxes
320	Undersea Fiber Optic Cable
323	Literary/Journalistic Plagiarism
324	Argentine/British Relations
326	Ferry Sinkings
327	Modern Slavery
328	Pope Beatifications
331	World Bank Criticism
332	Income Tax Evasion
333	Antibiotics Bacteria Disease
334	Export Controls Cryptography
335	Adoptive Biological Parents
336	Black Bear Attacks
338	Risk of Aspirin
339	Alzheimer's Drug Treatment
342	Diplomatic Expulsion
344	Abuses of E-Mail
345	Overseas Tobacco Sales
347	Wildlife Extinction
348	Agoraphobia
350	Health and Computer Terminals
352	British Chunnel impact
353	Antarctica exploration
354	journalist risks
355	ocean remote sensing
356	postmenopausal estrogen Britain
357	territorial waters dispute
358	blood-alcohol fatalities
359	mutual fund predictors
360	drug legalization benefits
361	clothing sweatshops
362	human smuggling
364	rabies
367	piracy
368	in vitro fertilization
369	anorexia nervosa bulimia
371	health insurance holistic
372	Native American casino
373	encryption equipment export
374	Nobel prize winners
375	hydrogen energy
378	euro opposition
379	mainstreaming
380	obesity medical treatment
381	alternative medicine
384	space station moon
385	hybrid fuel cars
386	teaching disabled children
387	radioactive waste
388	organic soil enhancement
389	illegal technology transfer
390	orphan drugs
392	robotics
393	mercy killing
394	home schooling
395	tourism
397	automobile recalls
399	oceanographic vessels
400	Amazon rain forest
401	foreign minorities, Germany
403	osteoporosis
406	Parkinson's disease
407	poaching, wildlife preserves
408	tropical storms
411	salvaging, shipwreck, treasure
413	steel production
414	Cuba, sugar, exports
415	drugs, Golden Triangle
417	creativity
418	quilts, income
419	recycle, automobile tires
420	carbon monoxide poisoning
421	industrial waste disposal
422	art, stolen, forged
423	Milosevic, Mirjana Markovic
427	UV damage, eyes
429	Legionnaires' disease
430	killer bee attacks
432	profiling, motorists, police
436	railway accidents
439	inventions, scientific discoveries
441	Lyme disease
442	heroic acts
443	U.S., investment, Africa
444	supercritical fluids
447	Stirling engine
449	antibiotics ineffectiveness
450	King Hussein, peace
